id,predicted
1543972437713169913,0
1710552057351883447,0
97075525,1
83734823,1
56722823,0
103823601,True
1159028243437550345,True
92485765,0
11142401,1
1189875082289533291,0
1544820103115167001,1
26331127,0
58383089,1
64762469,0
100902043,True
103130147,False
94352581,False
1849015146225985937,0
91307779,1
53591385,False
84071033,False
99484949,False
97864023,False
31809543,0
1519081708190436577,1
59771473,1
1310888620900225001,False
23054201,1
37470529,0
1212015341587401973,1
1416316577707248089,1
101832245,1
68246995,1
1756465820043819145,1
27426879,1
2091222630723307823,0
9573817,True
2080092449182118981,True
1251141566962475639,True
1783888279582231987,1
1826476019772171597,True
1249362949252967849,1
2051191513927827615,0
2039399745194706101,1
1893195000066736959,0
1567628852321220807,1
64621205,False
91938145,1
96597395,True
1814888626208593037,1
1826976599154564213,0
51966579,0
85515737,0
47186163,0
2036309142044769915,True
20905161,0
73129985,1
95100725,0
2084288255146553483,True
58742447,0
1886695825137020915,1
1417185346384554545,True
1885356732428994819,False
2007144270243278011,1
81007151,True
1723114065324985943,0
60731401,False
1192486882099402455,False
1946030187369504173,1
29223797,False
59323959,False
50372867,False
1810106570479888653,False
1885461012383046433,0
66101273,0
14529759,1
1250766577006766723,True
106518741,1
72400835,1
1409701429620698123,True
70424751,True
1363166573484625613,0
18904713,True
1797087576353554885,True
1197187293004134771,True
1674239116434375591,1
57836425,False
59764833,0
105539499,False
1597300897135600549,True
32003851,False
1256666296163762689,0
106439181,0
74111879,True
69733421,1
2060842575246177695,True
1280917146159393243,False
2030632608934523157,True
2059671940655431503,0
1602033196615588423,True
40073513,1
102556467,0
2083975193212643343,0
1522421588098514519,0
68672989,0
1463284044785406063,0
78126675,0
93211405,False
1685759651858937845,0
1543689154732856719,True
1949625833889070187,True
30992181,False
108514015,1
92100893,False
1802687560320534947,1
61511661,True
1810057176290931265,0
1883882827665434287,0
9264897,0
30292517,1
64766487,1
1267959648744210427,1
74639847,1
77333199,0
1127811022098867383,True
1941956713402032851,0
95752595,1
102565765,0
3545927,1
2017335407613016505,1
31286645,True
1882804844215713467,0
2026440676828129453,False
1687435862077556231,1
40759097,False
108776543,False
102343117,1
88902571,True
70992947,False
72472045,False
84703449,True
1888356921532606875,True
1869866970779058007,False
1947384934581191451,0
64250835,1
26987613,False
57832007,False
38273069,1
1826297740950413851,0
100891001,0
1913633247537403995,1
2031868563240211973,False
76702739,True
1381220178282429117,1
1218419600766351583,0
83769527,1
1593732730829748537,0
30684045,0
45666757,0
90519443,False
61511227,1
19990317,True
17378941,0
1266448747285594425,False
2049752518423791487,0
1595707497828740245,1
12307225,0
1739136211315838159,0
1429341909907700621,False
30840329,0
1843527752390772173,False
1898394566311169215,False
1729251318054512133,1
1855350226467223747,1
102258339,True
40613349,False
1616134523646442467,True
58432359,1
41295637,0
41802615,0
103130659,0
5431507,0
33261443,0
1532815829390526679,0
17872769,0
18119269,0
1197109770594456017,0
103420943,0
77555225,0
105008639,0
30297983,True
97657475,0
95718025,0
93675945,0
1726364764144508565,False
85866829,True
1567908525416967337,1
1695173047908041003,False
1652404511000476369,False
1978112037167473199,0
1178765098594784907,True
61637927,0
1300219371826039627,True
2000301932531909807,0
1704643128034088449,0
1154686488398236669,0
1180106653144306711,True
96795843,0
66498483,False
1553890230698853325,True
1147512302207034771,0
99260949,0
9134993,True
1192866655635793875,False
88228801,0
1184076800967758583,1
1544045718927607473,1
95712805,1
1887552165081211093,0
1961334879301341531,1
2078550379946260633,False
1372514672522627087,1
106725087,1
80942779,1
1500043649199360235,1
102421931,1
98108711,True
1343685059533531643,False
16679857,False
1245982524539318347,False
97993305,0
1448447050861823159,0
2083139285596934635,1
11993761,0
1905904207588909073,0
1926468285383356993,False
2021522357990265053,True
69249487,True
1411619630324211097,False
1362122707053382357,0
1679543185156914131,1
50030917,1
1773537336520195111,0
13177239,True
11152257,False
1901980483184365705,True
23274351,0
20022457,0
26161407,1
1576629581904963721,0
1823469695159611255,0
59409441,1
96606551,0
1494736677972823935,1
1826982086057625401,True
68468185,0
12960767,1
1397035654055494735,1
1911511945737343235,0
1532113211884677943,0
25616591,0
1332759962074578631,1
1837698347531376179,1
80059425,0
1939517076973425183,True
88426201,True
1644830999230860533,0
92982639,True
1727637892349283777,True
379519,True
1170022248366062169,True
59884671,True
1262597610701301887,0
1253298897877985863,True
1829280695982419259,0
59802655,1
1576244986229371405,0
1916539189553449329,False
1482321643118414473,True
1285333227479510313,True
101083263,1
1380885935638247391,0
1880108650922378411,1
78003317,0
1470698105916972197,True
97734995,1
48021421,1
1554798048344779685,1
1976156681557892341,0
1761408902989768473,0
54743057,0
1698710272199627885,0
1962121995892495835,1
2087622214183702795,0
1369865821160246059,0
1400141941088928001,False
2064122999778313711,True
1889740828989316371,1
1416321603918735915,True
99975845,0
101388983,0
1884608692460097005,0
1107162730360313835,1
7484903,True
1913345251115680129,0
57128855,1
107503935,1
1506282658775757635,True
1124892254063034407,True
1929268657423493309,1
1963681597594211637,1
36652247,False
72219169,0
2050458552673727517,True
1319290661355931705,True
2091300819520761219,True
23465491,False
97467923,1
1755123283781995239,True
62422557,0
97397397,0
1237794213918192885,True
2015016496992233359,0
1469814504615012897,1
1560863153943917865,1
2085560302520178941,0
2036333745961549733,0
1715839663547061869,0
1460673562862964205,1
68294317,True
2021977628727988093,1
1205508339309457271,1
1848364046406084269,True
50384363,0
51722401,1
53427709,False
66726089,0
34765859,0
1658026891547124829,False
1961266260039951165,True
1469742376143629917,0
1773953,1
92564103,True
75060803,1
50128907,True
81556481,1
14721339,False
56305243,1
2050453117129988501,0
1465479904552858371,True
13934861,1
99134617,1
42976329,0
1936786043207979241,True
1923282279498473869,1
1270958731531094937,0
1482849449846810673,1
1998488022940675517,False
1379735480286332191,0
13426379,1
79306609,0
1543666286505696671,False
14740367,1
43442399,0
2089168402158388599,False
60793557,1
63554981,0
77081249,True
26976059,0
2069976449864921121,True
1911517755012310801,0
1762387574819397409,True
1197504137536824043,False
38527425,True
38088985,False
1588538254230559559,0
99190803,False
90849125,0
107701685,0
105546681,0
1921611713224932097,1
103122013,0
70119945,1
1186875210373139693,True
1597342592393696637,1
78210435,0
50465225,0
1888248623781643581,0
76180707,0
24668647,1
102425309,True
1989857231223723255,False
53983475,0
45973085,1
1776825925143000091,True
1656696830639432363,False
17906637,1
1967849621317998815,1
2048058525064153647,0
1908581730842913907,1
104084961,0
65148971,0
2052075771395229809,True
1875952200841583763,1
1165843335811344369,True
49242265,1
1233135587885737585,1
90970655,1
30021445,0
107024527,1
1783147406880952725,True
105329413,True
104515905,True
1694213690945612943,1
1107155378248413589,False
1578215023708554097,True
1211703889168440847,0
101355075,1
1704245411433214699,True
1341800572565092989,0
45654439,0
13725969,False
1322670611189027615,1
3108743,0
1620233367347234317,False
1349568258313907083,False
51001231,False
1996057829971638163,False
1340437613903998099,False
1752920738414523251,True
1330623046940826707,0
1316990262878514963,0
1313211910955631061,False
1985631444208472629,0
41894343,True
75142607,0
88945687,True
1800546169959181631,True
2059582488896213881,0
1623239742094369067,True
1393413684065025743,1
32976677,True
1640353803466166515,False
2046952125333336647,1
1372280748409441447,True
24536575,0
33432163,0
97222823,1
68448751,False
48973313,True
1891781299784710675,0
1847600385072536175,1
2037483310834978407,1
1794730306995345583,0
40024607,False
95096349,1
1929409320993753437,1
1252385048746296813,True
1890514501157017655,1
1810108687284469253,0
1817639294312787445,False
58241399,1
1962368598545965725,True
68644901,1
31542949,0
84696471,False
1950600828319279125,1
16197751,1
47366251,0
82600753,True
1465411572107687219,0
90736843,1
9461471,False
86828199,True
104111797,1
106332859,True
104048385,True
35662027,0
96001589,0
1169714239161670111,True
24897673,0
103462905,True
100533379,1
31489805,0
1657898464264551267,0
76262025,0
1779419878585071567,True
69891087,1
1447844326564007511,1
1814529086056695915,False
1399855515036455983,True
104518499,1
1960781226116243829,0
1323008496314942999,False
43719893,1
2922779,False
69245433,1
92833615,0
1553440427563476941,1
1656835720680360151,True
1665413251226181513,1
15978791,0
97909611,0
43211801,False
1145157575599050183,1
106993667,0
2040525004163224915,1
1133305407174290387,0
1923508053593405065,0
88413179,1
1250835807337726817,0
1886762930853175397,True
2082541169353101257,False
69429321,1
2050455254123229439,True
1479138669495161701,False
2081413632172269999,0
103822457,0
73617347,0
1120829381923722525,0
1720390999250946747,False
51841439,0
92971049,0
1562132085471474607,0
96559843,0
16547279,True
92935635,0
1247876500740013687,True
54616417,True
1585081578316885159,1
72470997,1
1504756196723651173,False
2028080864879689739,True
1230101817040642139,0
94668747,0
84469631,True
30433687,1
85903457,False
1763516964774211769,False
83610211,False
48478043,True
1833039394431549411,False
1707221481049698103,True
1812175181742403523,True
58210715,0
96495295,0
1757786942422278197,0
80627419,0
69068757,True
2050452911597164265,0
55277439,1
96457015,False
2036707387939298359,0
1781694108105019331,0
73545059,1
1343286477605867869,1
82092915,0
1839404156952206255,True
2015123403769023111,1
1549235826489697197,False
1775842396873830725,True
102901071,True
1913262345665060391,True
66334529,False
1484096192101149355,0
93840681,True
72703711,0
71891139,0
2017276363161817141,0
96234703,True
47006397,0
74547747,False
1673564388131444431,1
1332766957497319947,0
1971666164259999649,True
1267054947065003427,0
22952055,1
65630759,1
1595724549293844819,True
1298289407951679543,0
103152185,0
1988690939518312001,True
1645443907640593785,False
80403115,1
101133139,False
2016348705552369239,0
102577369,1
76417929,0
40363783,True
1363618027033296879,True
1289461002513936691,1
1932297609689065167,1
69864159,True
101744119,1
26747871,1
51088115,0
1901946899606647705,1
44793929,False
62306781,True
105837123,True
1859710555794539205,True
58105099,1
1704250717524594535,1
80838815,True
1544044085635367239,0
68277999,True
104965559,True
2036730905481168405,False
1369208531436105535,1
1731774928080056207,1
45541435,False
1927704588878100315,True
1439613570567023841,True
105532263,0
1757800896124305007,0
28170521,0
1423526565167790771,0
63756319,0
82783825,False
37375661,1
1603490141207613199,1
104671541,0
38908673,True
1847430735884578547,1
1195566197683742755,1
50370889,False
99467373,0
14779169,False
1771575178377809383,True
89133431,1
1598943463170062611,True
1775299052058413313,1
1431575093559040081,False
46152053,0
62390059,True
49833225,1
39345607,0
1826981103059882705,1
108322555,1
1130601711536179833,1
2009312503101020359,0
1244480196720949251,1
107084323,1
1433081125824950901,1
37017925,0
25087363,1
1472229099942710325,0
1127792101840311319,0
57728481,0
1607149618752594489,1
97424005,0
1362460373625061663,True
1826988210768403021,0
1950814321265682087,1
2017409398466135421,1
1103423764056670355,1
65453959,True
1314896932807523179,0
54260725,True
1804754132471234913,0
1452629,0
1678515883076905993,0
11075241,True
103100649,False
1276017301020969979,True
1644705722557309375,0
69296279,False
1919142675350267183,False
1764116811647801539,1
1760999442623263107,0
1994307432693742917,False
1820148057141311639,True
1848371498246524417,False
1401513763144246165,True
1682941692450952335,True
84791067,0
1634595618098630289,0
1859514550026115867,0
8486495,True
108170387,0
1439169571582414513,0
97728009,1
1176455666015273951,1
1454545453394477063,1
1525612018898375783,1
1280068285920955173,False
95782597,True
70841483,0
1571039615644184481,True
40152275,1
1176900642822020333,1
96932625,1
104416051,1
52857413,0
100538121,0
12976169,False
1469425010680190743,True
106940389,0
41301027,1
2039447062699252037,False
93283183,False
71460137,1
1658054956322253759,False
38493769,0
105774445,True
1912010027570137611,True
1958234375582392951,1
1429285749922707153,0
1363616587357372241,0
1510313051113221365,0
108169349,False
1090026504924117115,True
86973071,0
1134781700827923713,1
1242472631306949305,1
2052059846156494593,0
97810903,0
1433075781802532567,0
1233108543213007853,0
1704563714061584155,1
51024331,True
1400125850851960301,0
91624953,False
73105283,0
43392805,0
1967875656212880261,1
1602623734975011019,0
1316348086013616261,1
106136649,0
1864990256028146391,True
10371457,1
105448469,0
1172992081824080721,0
1907012814811042827,0
1826980561628277397,True
1530757798639659367,0
31516989,False
1125794795583927271,0
1298247088643907481,0
1967671139469342675,0
83512613,1
1178047417873673639,1
1594733337613384095,False
68086037,False
1252634549489497437,False
1905609884283576149,0
1238882018639868423,True
49730621,True
87001197,True
85841509,False
1665539629133480377,0
1199710237607637507,0
105922771,False
72472695,0
64096421,False
26154517,0
50467473,True
98511783,1
2091489142384233619,1
51617543,True
1916353781075383371,1
83070859,0
88270037,False
81238775,1
71853421,False
6535681,True
1699889519683961439,0
1904729557225013485,1
73885359,True
1950804666508339515,0
2087494419924529979,True
1495404667999434031,0
1206056536415550019,0
77818157,False
28394973,0
45504419,True
1646210434526934925,0
99177149,True
1623074540934027453,0
1888196858428733887,1
104224547,0
1260973064804361213,0
30022175,0
1865089516698372639,True
1708741821018501081,0
1940729760305372743,0
1936639542735164759,1
108220865,1
54979467,0
108682693,False
1513123032818693827,False
75732197,1
1656745226291931663,False
13057811,1
87797679,False
80121467,1
103563395,True
99265943,1
102425345,0
96269989,True
74742205,True
1562372128068226739,False
13794033,False
1185630042611904791,1
1234501067863486097,0
55780503,True
1341920355505317163,True
78151189,1
36690007,1
106990845,False
2079724799247724073,False
1681363023685173139,False
83677387,1
1565353662408671265,False
1253309829322708427,False
1361654488723627453,0
39888151,True
1302868906395052187,1
1460984955006428351,1
84071265,0
83137141,True
76261545,False
45196501,0
1817540016329032355,1
88227111,True
1614467343059318223,1
78218225,False
62604919,0
1134750871048353599,0
49263543,0
1284424294468866547,0
35665413,0
2093511198368652361,1
71156079,1
1692644217480547283,False
52469021,0
6617265,0
73771045,1
79011263,0
36154285,1
102482163,0
90970503,True
100564845,False
106046683,1
95495337,0
1259502626944307507,0
1097212617046957195,0
1297524440194459013,0
1503568140013690919,True
1882462388859604635,0
43105947,False
66305069,1
75885199,0
1631146581389881169,False
2088725127048962743,False
1132304273896196405,1
1347979299849490855,0
108192859,True
1231700111621129591,True
1932183388833105109,1
53511823,False
1183081482818656135,1
20201371,0
12130513,True
11075243,0
2072615092200259499,False
1493236316013063113,False
65337407,0
80982159,1
1808752900330771591,0
1335897915368142231,0
2083988240695140815,0
96027459,0
1821735927424694983,0
1926663105946887225,0
1346577095029030445,1
106986115,0
92982699,False
88252547,False
72125915,0
2029081677958236345,1
1601552845891516303,0
1229305640895041447,1
1646087572084860147,0
1944083760363120747,0
107260207,False
1818737286404029865,1
1489766325281258039,True
91728539,0
1481233856607263653,False
1660081316743889517,0
1371290694950450725,True
1936503130485927613,False
87753953,0
1345222612885051655,0
21994327,1
92164499,False
1886701377074096705,True
1610611067720780075,1
34139971,1
1124388664021043473,0
1773350136258005249,0
1687043767510622945,0
106454925,True
1460591242740294309,0
4645,True
44779413,0
1697647009129507877,0
1966292452008987197,True
104718183,0
1846611425070546039,0
1806947079231610435,True
1105700568070656885,False
106958571,1
1810124289920478609,0
1400438441695808515,1
1453034034418414269,True
1686806932121258069,0
44796313,0
102056805,False
1586988116917490601,1
1825938334320500813,1
96397475,1
1347906511077392867,0
83772309,False
1310206153023479653,False
76199007,1
1653818822174779723,1
1742590336061294639,1
1391127349479789171,False
92590205,1
1429217929224959503,True
4207849,False
38849497,1
13986719,0
102235993,1
1299949887830317355,False
1949457366368937135,True
54260325,False
1798584033815182731,1
46976797,0
96559731,True
1937597304880142937,1
97259965,False
1333747683741356407,True
1480809106739180107,1
108232747,0
25368203,0
59855329,False
107182559,0
77350633,0
1298930946784068891,False
1342484516129447849,1
100063681,1
51573831,1
1624995503481597305,0
108676055,False
1522143044846137527,True
1129370858328648093,1
1885441348916553679,True
27945789,0
414313,0
77493709,1
1896771066133209763,0
46245061,1
32105435,0
1999980506270840857,0
98483501,0
1656748258720625557,0
2042653793154846559,1
86716495,0
102926985,1
1778585820019700853,True
101741501,0
1184122832602455429,1
1885653108750182563,0
2050455354704860721,False
84151971,False
1505691162368442513,1
42504947,True
1911347263835712417,0
91905081,False
1272551364024264835,1
1858191654759217605,0
98901009,0
15812559,True
2071718681821312443,1
1191896587023322455,0
53784219,0
1893124449256688197,0
59213453,False
2017495986529931423,True
22291157,1
25913219,0
100425337,0
1355029361799109791,0
1494010082676489173,0
1898396969515567737,1
1934997553808375483,1
61997153,0
1489217179236542905,0
37836045,0
1303451788420128907,0
106868543,0
47180403,False
1489778358906376713,1
1817953679541836963,True
83493255,True
61438047,False
1764966899618716371,1
66983543,1
1987316641787806573,0
71854015,0
36929237,1
1101703133669829089,False
99159467,1
78035363,0
77958585,False
2052443263773288391,0
54339277,0
64297797,1
108154205,0
90989123,1
76183077,True
82962203,True
1143429306007165951,0
92825407,False
1434118248780589601,1
69562243,False
1911260858574320205,0
41637521,True
1598969878674607455,False
71363461,0
1282958269481184701,False
80700413,0
1220416933656763797,True
1153311069651171035,0
2054068201080213475,True
59761587,0
2001277199250345571,True
84790987,1
1197279524710075159,0
1313108665444336723,0
90608351,1
99466097,False
50912163,True
2050452682241498703,0
1835432384932764259,1
28143629,0
100608847,False
68607071,0
97614267,False
51349705,False
49387641,False
1393008697226654635,1
42105873,True
1998429000824589885,1
22415547,False
1772433556048777857,0
1250199946453947895,True
100342047,1
17405579,0
1371345645128514311,0
1889908297082652041,1
1896899535368264711,1
36603049,False
1439540298343102033,1
1523134715571229627,True
1810122136637027991,True
7958647,1
1410477776701279221,1
78445851,1
10462799,0
41006393,0
1451971214112724077,True
2031959485794023189,1
2068382616693363369,False
22293505,True
1375269730287963643,0
1988245422015651441,1
60243813,1
1255873848848869861,1
99618791,0
1144719658755775077,1
1315989788180733951,1
1985541611159066581,True
83828483,0
1959002734443037029,0
64081193,True
99377771,True
2063367850953973765,False
98451835,0
1268761731183906325,0
42429219,True
1259810575232462537,0
2093186490784433247,0
1777454142987613463,False
98348323,True
1519811514615368925,1
1775314750308592907,True
1792024540892434209,False
1436467752711365519,0
1897097301165605151,False
1543720125155795371,True
2050457028954266719,0
1252575408396774163,0
1178070410950452937,0
94665579,True
6137451,0
1898274465914311003,True
1423670903554626595,1
67053967,True
12849739,True
106656067,0
2056386515059385517,1
1311219452610296417,True
86060707,0
41085915,0
1560845347457453431,0
104565785,0
2068387306726855709,1
1463514392267401249,True
1159212517812276971,0
41519219,False
1984180202454617105,True
1288608557029017649,0
1381170861738000915,1
74652701,False
1817397029662378163,False
1501271452442630689,0
12115693,False
106578963,0
101547165,False
1677685681081769721,True
1658087338309724413,0
73609805,1
1679793077686756817,0
1865097404095797737,1
81501089,1
104105949,True
98032905,False
15124491,0
1623826971808250963,False
97107215,True
105532239,1
31900897,0
1337453454510491453,0
31915423,1
1289758363572502159,0
31000295,0
85941941,0
58315359,False
1852219768264656505,0
1628397032353062697,1
1292393391745136683,1
1653595830739142907,False
1684622195790738839,True
1231715945756646469,True
53795121,True
37044787,1
97971031,False
2082676941875436679,0
39460143,0
20561835,True
1443089945284816371,0
2000324473405421123,1
86997185,0
1699801474017298433,False
10812311,0
1143597323348200859,0
107032229,1
1750938016433923661,0
96360153,0
2061117756051828481,1
1978697412385956815,0
67996119,False
1212873000960394525,0
1298741460062265139,0
58560147,1
2000142855264765069,1
1502859005175592445,True
86110553,0
51791279,1
97127107,False
1517644916462342043,True
3518655,False
1330598571825730191,False
107652261,1
1679385611383072803,False
104491945,False
83236363,0
2081953211050906623,0
1411828981648886721,True
1251013763614888107,True
1821863987467776849,True
1682940193371797115,True
5664629,True
1233364061935896681,False
57225729,1
101586075,0
1675273089627037261,0
1810105661555349829,0
1292773250460304669,0
2009234462537414917,True
1331391322845522011,1
1357652847669340937,0
1245211671981540619,1
54621237,0
1177705262780148623,1
1675308002404668025,False
43103415,True
1754883707428777393,1
96584199,0
1940590852875760125,1
54202313,0
1239448718874507787,True
1923640156581288271,1
1939512948758666567,0
107013529,0
81559983,True
1393854244310093351,False
1491805058883631721,0
1545486737507989673,True
66370109,0
42315349,1
1490982674192309359,0
1872480678059847149,1
38000463,0
2030812265632030353,0
57022681,False
1442329687322469617,1
1778726584437707107,1
1321413911329500497,0
143737,False
1768164596536721217,0
1736150487948964159,True
2080188690822811787,0
1936431272114783255,False
81694839,0
1950077162292575189,1
1233120546626967163,1
47366911,True
77952213,0
1755478943459825361,1
1847581658002974047,0
1812197147953741371,0
1957073695758531299,True
1382002426783939931,1
1886809730149599101,True
2050455457009075735,0
79595281,0
91453203,0
106832681,False
99506705,True
88945245,True
96495655,False
100207395,0
45893057,True
83417495,False
102134227,1
20508849,1
1845297533963166697,False
66309023,0
61375555,False
55169047,0
43759083,0
1810127410911002711,False
1994753343800640415,True
1103779991464931135,1
1679738251485212147,False
88233841,0
1570859772952224189,True
1485203788456303455,1
19357887,1
107168083,1
2080586588140010271,0
61637539,0
1334673958096925115,0
34197819,False
99031525,0
49789207,True
100148573,False
2050455046402705907,0
85015911,False
1282930241743758537,True
1926138493203869855,1
47701421,1
53549411,True
108026947,0
2056471776195454081,False
106367849,True
1421666313575302077,0
1758561365333387601,1
39108307,1
85591241,False
98970203,0
2072778388402258481,False
1408225895877220541,1
1966785704406274643,0
24140321,0
2047814274164716757,True
2033696365650256707,1
1536035597865691735,0
1239527155186894417,1
31337929,1
73387127,0
60177681,False
49893903,1
1908462591781443215,1
1556793723226392707,False
1316936702688383325,0
13448587,0
1816136096794378537,0
1364126694756230505,1
1489963341339741783,0
1910381268930602223,True
1820517978568682861,0
67798461,1
1359525835195653755,0
1994250095506423357,0
1202583855532138087,True
76437127,1
75730933,1
93837505,1
1932151,0
1433080001302005677,1
1449121535290755349,0
2017075089485442899,1
1545522976321017899,0
2068002206758252939,0
26591391,True
52592385,1
100040195,0
108504475,0
97734141,1
107024667,False
65338441,0
1795349701463932357,1
1757843106255795951,1
50382879,True
2040230431730400563,False
103038729,0
2089816249374148191,0
102778441,0
100276025,1
107368877,False
1382637258783881397,0
73388423,True
83241421,1
105334541,1
76133685,0
73206635,0
55925361,0
1850105971829400467,1
66818139,1
1696653565773051815,True
1218955765373650583,True
67881673,0
82483369,True
91060847,True
90907247,1
102930761,False
1327339149276370187,1
106991111,1
1489871297897739463,0
1329143526650161219,True
1416325124434122875,1
1897096235918039599,1
48821791,0
58742667,True
40839791,0
1497505834836747147,True
30645161,False
1488635503290278099,1
1269225352655086821,True
98553137,0
2007227946063551613,False
1358057914552437811,1
17837809,True
1596070876868797553,0
1793245096848894365,True
95926215,0
1537358914303401013,0
92107797,False
1871165119840338999,0
1440838363122347941,True
1550982771722971489,0
91298301,True
103483699,True
1665758725485286823,False
108769117,0
2000416426777918779,1
92803847,True
1517814675441180079,0
1198709862504009669,0
16363073,0
1911351389321389311,False
106846635,0
103880713,False
1234513108696566043,1
52443559,0
107886043,True
17540641,True
1990153063987806173,1
1252207135011546471,1
41512737,1
2081879954833432343,1
1802881148610222281,0
1780223336922391061,0
25072431,True
97878293,True
37273201,True
1924847501330527301,0
2029371532237852467,True
1199706081666786187,False
1688399799580921983,False
1656446386863765541,0
70806183,True
2005711045880422093,0
40470257,0
49832955,1
1701279789421239357,False
1717406472266476933,0
1707223339010588843,True
1846578474648644931,0
1375401541524944753,0
17126885,0
1814881304312169953,0
1826485505864962285,True
12773159,1
1400280869309697669,True
100293581,0
2068393873157536359,0
1316873514679433263,0
108313155,0
107038433,0
38037721,False
1499668943328603889,1
1704261003678388891,True
2091788631775431449,0
1777757144571400029,1
1967884010925359891,True
103102689,1
1753801965568822709,1
100498637,1
50383441,1
1444900723347673967,0
1615750298446876501,0
75443849,True
1091696527516985531,1
1098222430890382137,True
1635293268473125679,1
1286564946548226057,1
45175921,0
1890994415146364805,0
1806162411273271887,False
27242361,1
1474009080427944327,False
89267093,1
1250870268000568103,False
108786435,True
94655489,0
1472109561991440105,0
73206785,False
1893897591738198357,0
1888440112997971267,1
1486815775102458991,0
1865103133325925729,0
1271375717611862891,True
106323671,1
1201344673151738123,True
1382632546437463077,0
2081128161702166633,True
108132707,0
52276063,0
42973503,False
1957145680782156069,True
23342253,0
76985517,False
102470371,1
17779031,False
42527519,True
1975803744889283463,False
1938319033223031941,0
1960817115311230773,True
99136013,0
99465227,True
82910913,1
81349065,False
91462775,1
49345641,0
1814951997949531981,0
2052070150962662931,False
1794198674251965093,0
1711356045027995559,1
92270281,0
65869441,0
10410631,1
1808837957542233977,0
1645038312349202855,True
58106163,0
36548195,0
107901699,1
1252561648823006563,0
62177809,0
68364339,True
58785393,True
1728937785079403733,False
88085161,False
1798741259976834087,1
1531433106428071771,0
98348419,1
2050452797842762599,False
2065438798107788827,0
91735291,0
1958309811068983873,1
1810123308404540145,1
1623197919524034713,0
20262079,0
1865430765635858559,0
1905559352769439001,True
81463619,False
2020515382218549989,0
1233163964265534019,True
54127215,1
41202151,1
79114521,True
81442277,0
1763002469514877925,1
98312327,1
74566967,False
33513989,0
34767823,1
92759253,1
1384088910420188117,1
30445031,0
2021252401904333967,0
1313074406072867497,1
1883932918534397793,1
1999148593686959565,1
91758241,True
39969401,0
40105947,1
35912627,1
1279840737813201351,0
1756632168985715115,True
2052661542059280675,0
58743501,1
83015377,True
1523118275670123157,0
102540909,1
30228777,1
1116166370423962123,True
1967856675471217413,False
1404331738800118163,0
43051773,0
96481925,False
71146281,1
53571695,False
104806741,True
1521412052916265279,False
5038761,0
13031211,0
106320657,False
1997200901845629613,True
1937606676456570969,0
2079773154867597905,1
99159453,False
105687241,False
1865201177571420013,0
2079078054660940037,1
1800055503572076237,0
2082540456684977913,0
2010187760698557565,0
1431962576652131601,0
44135061,0
1546429822325293535,False
1725838385997506369,True
1674259515073129691,True
57607025,0
1927689185877020775,0
1092714185526347767,0
108387631,True
3878811,False
1653938237874498363,False
78526183,False
98720809,True
34443441,True
92181493,0
34151647,False
1521970520674726001,0
108788499,0
2011687639689052915,1
1687653331626719611,1
1645439320919101025,True
79694711,0
1180168700560288135,1
1333447110590532411,False
1679881391029924909,1
98346837,1
1999834024058228263,1
99435627,0
1229138501771440935,False
78255457,1
80816099,0
17129321,False
97483071,False
72351209,True
1097251596751946881,1
1347820416881449881,False
1962759801382429779,True
10566447,1
1704648883580217603,False
2027933414653089053,0
61818863,False
97625259,0
102118161,1
2084581827196505221,False
54675783,1
93968529,1
95761121,1
98959323,0
79019359,True
33646435,0
1314900878256801351,0
36182265,0
1506068910045539567,1
77413261,True
98452365,0
44529101,True
90657587,0
39904057,False
1211407459607573655,1
1645307702025859215,True
87636699,0
1189544291301541257,False
65278895,0
76970449,1
1728795548114849905,0
35028081,0
1510101755384862689,True
68549641,0
77811523,0
1130441682326060833,1
1537256657495951685,0
1803171977440013377,1
91980925,1
1125790159095803593,0
19987569,1
1998480685197672299,False
1229262968700873015,0
1810109303733847247,0
2050453320128628245,False
1945378168403386423,0
1592931530570255615,False
96642155,True
1817491522373576625,1
1794798940225312641,1
95653655,True
98500121,1
96686793,0
1382644096211799825,0
100024629,1
35275955,1
37956251,0
108299563,False
5687961,True
1542634194829394485,0
1717213176517865387,False
72530203,False
1368328397067871271,0
1257978856759302907,False
1379065224103092379,0
81767267,True
59754045,True
27312513,0
106149265,False
1910344219318188397,0
2010424390079311089,0
2045159041683609755,0
74669049,0
69370531,True
53922423,1
1751165601000626787,1
1975749970321602869,True
93450041,False
1760581918801751761,0
2371375,0
1572596728621408515,1
1376911961621078641,1
1994716780182575237,1
100577213,1
2039823230530224029,0
1818226849970241293,True
1363537105470546635,True
100583473,1
107766901,1
1594353338894302603,1
1632022538500177095,1
1098216498476836243,1
108818063,1
1440245426419492705,1
1729055284118897723,1
1435471604074481971,1
107038109,0
1888248376047731577,0
1681770749117864217,0
1140467305993429863,True
5462281,True
49769915,0
1386561332896369315,0
19273923,1
1859680476605353983,0
1879591633245045847,True
1868364309265865127,0
64935091,True
100280687,False
1583145256500180573,True
77500101,True
1824380671048498999,True
2037872597987469639,1
1929104005671031457,0
1986785186590698533,True
1416267347694518595,True
1150363337612944835,0
73454269,0
85486187,0
36448293,True
66142389,0
1920359863257944265,1
14254323,1
2054307409555682257,0
1328933031147619003,1
96788119,0
2007377934724558269,False
46246193,0
35813529,True
102718187,1
1494743204477059403,False
1308815283694540193,1
21767,0
1448134904508140339,True
1531716540583948113,0
1694600170424844243,True
39518249,0
1994027265414962893,False
1377951560204020047,False
1433237969636485539,True
17471685,False
1575646775606882971,False
1260396168141458757,0
63252691,1
79974825,0
1316946069983828387,0
1765304413782303013,False
1762717241751953927,True
32104919,1
51111129,0
1470711180569701351,1
1746319316440984431,1
1368957518841723941,0
92982741,True
1238176186771431719,1
1471149829576738511,False
1438953700351733619,1
2023095345218112361,True
1411182255145866875,1
87534883,1
1900091858339783955,False
30324411,0
1757165021894527101,True
93768503,1
82109167,0
1865375637982505021,1
1927709448581870459,True
2027923430274835941,False
67897557,True
1906428004314313731,1
82394077,0
99886183,True
95808925,0
81368029,0
1313049206702559695,0
1900036578795680307,True
1922145435772037039,True
1570860335433538523,1
1956396321351270485,0
61860271,0
41379447,1
5129233,True
1562319593083983309,1
1236734507423346569,True
98955275,0
1798509945897296585,True
1727321983685088617,0
76458497,1
1810127160434209361,True
73664597,0
105277133,0
1809150270073211211,1
1704220953022981649,0
1800709441758043113,False
68553155,True
94105511,1
1607505732365706055,False
1927713805416940075,0
1926054755090260721,True
30432329,True
27312185,0
31909041,1
1330472108362006783,True
1207766609309727735,False
41841903,False
1556376229288877375,0
7924021,1
84194165,0
98003029,1
104239661,0
2060351875696240043,True
1410458615455104855,0
2084539738527573867,True
1799803868387839037,0
1449308882308353105,0
98895211,1
1782849126216701235,1
1458843783135360425,False
1754608614691160827,0
1823767188889259727,True
106454959,False
85133301,1
1381381480727246867,0
1242480693051631857,True
2072420118404321893,False
78118061,1
1292887077737269109,0
62712243,1
1293114833095824647,True
86298223,1
1106384085319794903,True
52648071,0
1848364187796078163,False
2050450764157215549,1
18099605,True
42220293,0
68674953,0
55566757,False
79597757,1
1299975939817864987,False
58963125,False
1155025381936890865,0
1125791018197268721,0
1636085031956982067,1
52267853,True
8914199,1
1686057288972521209,True
103679713,0
1879769863894874491,0
40529113,False
1605773677809583379,1
1971951790748516869,True
98924787,False
70461107,0
1581767156760616803,False
56811819,True
1292773294164753159,0
1924991642510723169,False
2081448606536263075,0
25743505,1
1633528128410989489,0
48680747,False
1799141715717933883,True
1986208020507322925,0
99465605,1
103455025,0
28116763,0
92665295,0
55609695,1
1607083063575637767,True
1348433248904080903,1
2005941710331701155,1
44091789,0
2088896111072973581,1
1137521528196799321,1
1751627604992528793,True
2023599859950992193,True
108154131,0
1834794954083614475,False
11867221,True
88095269,True
12748577,False
1950683658156667925,1
15299501,0
71035407,False
100208805,0
28283599,False
1124904569034675919,1
90345747,0
17486167,0
84721927,0
98037149,0
103105201,False
1788547268703925203,0
55168749,0
1707099695171682589,False
1881285705003705795,1
83823435,0
67290373,False
1903166050787074873,0
41281017,0
102384513,0
89071497,0
1675302547068528995,True
31822081,True
13472833,1
69889599,True
1337916777461611589,0
94263083,0
1423084991333779575,0
2010049581562962477,1
98502039,0
1165669794826135339,True
2081903986766271483,0
1913887937597026351,0
102469755,1
2061112783516879909,0
59410007,1
2050450882603007773,0
1664166813805308919,0
90608783,1
83760617,0
90658477,0
1185770315250247261,0
65725793,1
1879375056649393157,True
414579,False
1764425299388268703,0
1810105456523954087,False
1919425594656084449,0
22411415,1
1257711749104398409,1
41725753,True
1211346927449256907,True
1562481223304739153,0
78005093,0
1521941233066000915,True
96798783,False
49889647,1
1999062237049810539,1
1839549582831986245,1
1625177396427920165,0
1408531353829681435,True
42056123,1
72473269,False
1174289650866563203,False
24077491,False
34383791,True
1402300142076950163,True
85133233,0
1300329302620065929,1
1165883526900758329,True
1611199677854913253,True
58825967,0
2091589094624656287,True
1755514190923257627,False
2091783281557778939,False
1714708359947978265,0
29549389,0
42509193,0
2078929295314034201,0
1967862453702028587,True
579255,True
101616401,0
91737717,1
1993170593543400403,1
91024051,True
105572025,0
1269464669032201709,1
1801561305876020919,False
1982170724252175597,0
102581093,False
108354207,0
100164579,False
78309145,True
1604829221513751443,0
1320835401870707747,1
19177875,True
1274326558619623477,False
105784509,1
1362680151562902677,1
1479137506245080835,True
1142278018918299069,1
75825001,True
1587487627577075353,0
84362145,False
59404075,False
88171645,0
100393677,1
1463839400487833963,False
1753425302582522849,1
1832235502128124963,0
1133883802924095389,0
99255927,True
1307732337830484793,True
105753909,False
91584567,0
77287939,0
77209479,False
1658193863755740755,True
1585485836020064315,0
100354821,0
1592447139799828853,False
1878908863026201725,False
99694055,1
100230331,0
1717161760051994777,1
1529186282342520045,0
49263329,0
1886636694293338233,1
83624347,False
1474825624428782603,1
78254771,True
85133285,1
97211999,0
1895546398555790283,False
1644790822754094053,False
78678461,0
1631876340053729129,False
1710752406789670107,1
1199715275001040775,1
1513139427188625551,True
2010872130736038647,1
2080306463530131315,0
77741409,False
1309504737039248173,1
1810109140692305975,1
1749696710459318381,0
105962483,False
94108383,0
106418305,0
1725849207962120491,True
1145060287240416911,0
50138265,True
1516144446661552913,True
57622151,0
86392989,True
1395656426474096203,True
1862847502648866103,False
13707253,0
60955487,0
1846648569483078483,0
42079121,1
71538953,False
1875051875710889371,False
100669055,False
95480165,False
1330271893345639075,1
105232291,1
69548217,0
62881211,1
929039,0
1417400512950706487,False
2050453645088250297,1
1825044027007072457,1
61107597,True
1238849297513280159,0
97733311,True
1611851704223484099,0
45997897,0
1764819705464656897,1
2052097302386454761,False
1391268465116720005,0
107867557,False
1669970057739985715,False
1159905065360418447,0
1660064965839776811,0
1252589016972719147,1
1287789393887567201,False
1619244437105263319,True
1987446956934170267,0
31707235,False
2048370039151556241,0
1563799399883315209,0
23804891,1
1756417209619672607,0
1626225601834708937,1
1958514971940623165,1
105773885,1
1198540158318677357,1
1308498003283886503,False
1837566807745456969,1
1896996710091515749,False
108172915,0
61169525,0
93163457,True
1622753812158834529,0
1381359786628031171,True
1919861533123305879,0
1298732669208827827,1
1617820576063827213,0
1848280385319549039,True
83188591,False
1333844398861561473,True
1767809536959996771,True
1197295710045114163,0
1193727879848269657,1
2081130234999115139,False
1622755415819700305,0
90827893,True
1840244981143555687,1
88979975,0
1959761,1
1729252879810866019,1
67498709,True
2039141993708624059,1
108154061,False
1241584221773881995,True
67885425,False
30106465,0
98871177,0
1358015056914796893,0
52634493,0
2089871895021398607,0
30998629,False
1691260254052268509,False
1327874127882914939,True
1953507821393349909,True
2064063782465111241,True
108761083,True
105655529,1
87753307,1
65981581,1
33374637,1
1860209376259002013,0
1834400804275319437,0
76269535,0
1784647868464442253,0
1678342562334157549,1
1478295590728932587,True
77823991,False
1947099518711435393,False
1932263685469633035,1
1807182844199196553,1
1313162854545392543,0
10594181,1
87305907,0
98925139,True
1272711534065379231,0
1765589401988879259,1
1672690292748252275,0
50736129,1
1826981163492320667,0
1165719481574637799,False
1830433761600963807,False
96489727,1
70531645,False
1717467830057694957,0
99820819,True
105802943,True
1608710141736285023,True
95075445,0
1959729,True
84559649,True
97915611,0
1741894656314825797,True
1947807273824877585,True
44442317,True
68230901,False
73388567,False
1349642777624924861,1
10993195,1
1646210131041181117,True
1887181798489640029,1
17487385,1
17437703,True
55598961,0
1946004819628913411,1
1814318566326595207,True
1421685737840778047,0
87612363,1
1220871291292673583,1
75666533,True
75316645,0
72369357,True
1897173929035787767,False
1652072143822244321,False
88323175,True
1975332551870375443,0
90563709,0
1369501927078424711,0
33017515,True
83512649,0
1230110647110956039,True
1570847864661829203,1
102421907,1
1970990954752742865,True
100924605,0
97653025,1
1953829756925066573,0
1424128329829000975,True
1809236939135924223,False
91009913,1
1736951798957987021,1
103266245,0
1994118811972286315,1
1231563788753911473,0
91727897,True
1491400042503305453,False
15650493,False
1896349888611048789,0
82550147,False
1918722653717184233,0
1542204421794455773,1
1342292259642575771,0
1624832856093311473,True
2073925380807463835,False
15426581,0
50752059,False
1516189092230427569,False
1237355323600838409,0
24504747,True
100148425,True
104718279,1
1734988457385352647,False
1927679473065802789,True
1941830476021306787,0
1486981258733934711,True
1093974319227149859,False
78724513,1
1444719936265263965,1
1483161029093909431,1
1384409629849372603,0
2017832077764440689,1
32884461,False
1926045578624110119,0
1906002674365263543,False
88504765,False
1244133199502389993,True
1795662408181719735,0
1128747992383176543,1
1946244069969655095,0
1479968863506884079,1
83768737,1
68423539,0
1430858426365343175,False
101531013,1
94189343,0
50359611,True
1273615471759395559,True
1489898646214573435,True
1968046609908902555,0
29641791,False
13500213,True
1238243664017510027,True
1628912532341013565,True
1825175254313870357,1
107410603,True
74106943,1
1766589496700677157,False
1274372284326200035,0
1893302005813956615,False
104782939,1
100147893,0
106703481,True
97668541,0
40639229,1
57022365,0
1325727235775982093,0
48122727,1
59478317,1
1791210771316562683,1
106940363,False
88132015,0
1732636859114681729,True
1276965421670516183,0
104232651,1
1826978878388768357,0
2056794076275629463,False
1449288630292966639,0
10252313,1
1308788516643620693,False
80847759,0
624261,0
60632153,0
1754055899117754551,True
67112369,False
1590199721022715239,1
1813413590103729423,1
74651227,1
1141002269604990769,0
1259069699490353379,0
31068625,0
2004946858711196319,True
1553317330889356429,False
13103969,False
2058735670235189693,False
83583887,False
1117138174247181057,True
80701081,1
105839115,0
1616096450616384097,True
1826983004603363651,0
1681327791392083545,1
50029949,False
1867933015724204637,1
2034873284314656719,False
1284030885725476321,1
1668309020196361743,0
1665031828755745613,False
4999069,0
2092804982305158083,1
39148641,True
1352346695919572097,0
1964159440543138851,0
73593361,1
88264643,1
13537531,0
86245283,0
1855602853601418615,1
1708445768395757751,1
4596497,True
53609545,True
1198838585097983603,0
49817563,0
63024955,1
1110083278732395191,False
90927493,0
82479007,1
1597236382060102155,True
2607975,True
1421673086331393579,1
1608680116020710321,0
1246531275451464539,False
2079772703781457019,0
17718841,1
96292307,True
1231132290291397507,1
90212045,1
2033882420562979815,0
1591707838107691691,0
1120508988262966361,True
96478039,0
2027830131006994003,True
78176799,0
1973918197889088637,1
1339155020337477885,0
93882229,1
1997420689342597027,0
50111067,1
89904281,0
809461,0
1633461336861473483,1
1473909411706493037,0
26686927,0
42781261,1
58102107,False
42501823,0
56985981,1
1979834842919013559,0
103483607,False
1226137202677773125,0
78639211,0
99847705,0
77692207,0
52845561,0
2086991192713550949,True
2086782340052812897,0
1910605704808279821,False
99344915,True
80738535,1
107979483,True
11694007,0
1846862134886738181,0
1846540109129607937,1
11723819,0
45426261,False
1310007987283756847,0
1713370551333001057,1
24904029,True
1280939931395633355,True
1767091286965311141,1
36389273,0
79610593,True
43131055,True
91277497,0
1469789741367009073,1
1318999408719496181,1
1967157,0
77042689,1
54719155,1
84619865,1
28431013,1
1168576712393097065,0
1688474935401379181,1
91982739,1
94581911,0
1416335838663246891,0
5031135,True
1556801719795900061,True
97611913,1
1880946011681553521,0
32024397,1
2007144568547307289,1
83820517,True
1931857875606429885,True
1887274362048722653,True
1491312191802602547,0
1982561103112768875,0
1621807594353631845,0
1340947739655656635,1
106186665,0
67118945,False
1908880293398770063,0
1497519769432020197,0
106940283,True
90354225,False
1278787167439248055,False
1279491101319475279,1
16062641,1
68637039,0
36119883,1
88378631,1
1466674084710253837,True
1266462303971830647,0
1649886559871060611,1
1953039789830439189,True
1997150184636362247,1
51364731,False
100224683,True
1675233367939807679,1
1469016686697243049,False
31853645,0
1413108431106400585,0
1604104795034942413,True
1424929854791509091,0
108594725,True
2039142019885483641,1
1421566468011029103,False
2020221031195203491,True
1117623913405010719,1
1958057704501818215,1
1128220196570808721,0
82052431,0
2030275756358249175,0
1554163139847385025,1
1790158090150565859,True
34345907,0
68177703,1
1985276483356245081,0
1448904625461721791,0
3674183,True
85906559,True
68403171,0
88688265,0
79553879,1
1507144546271994397,True
50513523,1
23395109,False
1628377100214274491,1
99989633,0
1900462357191590803,True
100946403,1
19291637,0
1675319232493957165,False
73073983,0
108081231,1
1360612742785068119,0
2068444653268150681,0
1804458687312808499,True
1786695635558659321,0
1900483087777213223,1
1636171568969091763,1
41332229,0
99465439,1
70991251,1
95848655,1
3863637,True
70703817,1
1972696331751942731,True
1927695766692034519,0
1450539725631029531,True
1775138928820746587,True
1761032860324212733,1
1965677983458573723,0
68767277,0
99012687,True
61686437,True
106832827,0
86060771,0
29062929,0
2087495270964236553,True
41106333,0
1442412922986787637,0
63261081,False
1826309227515947431,False
1724047910601778699,True
88252531,0
1712601668776805929,1
1418507992410290313,1
1403356772059921197,False
1805649444166693267,False
68089649,False
1439217245058346773,True
7740921,1
1734965831978284627,0
1712119552287068209,True
2064013288051534089,0
2047977685643384225,False
2034796840155448197,1
1479138080938978789,1
30333399,False
1140863463479544751,0
101282027,True
2036330054660140603,0
5461103,0
1216206132632861519,0
101052533,1
1710357037874167387,0
16546535,False
1998369832916074403,0
1534453971908916443,0
1764751127182143371,1
105007983,0
12945133,0
1764968142939189199,False
1351942941495309671,True
39457163,False
22915739,0
81982247,True
1887423637015125911,False
65792219,1
1971011777655968287,1
51880897,True
73825801,0
1657134581839621185,False
97254819,True
1318228227288425983,1
5748849,0
105479001,1
46466107,0
1930378740731427621,True
1302976267122687827,0
1688683571793444115,0
106976615,True
2048355569709901259,0
24306095,True
61630751,True
1828037494095301191,0
1916982296405993419,True
1829335119468044229,True
1779812506068743755,1
3240073,False
21943375,1
76811875,1
103004607,0
1327548466900573461,False
101356135,0
1788661188924071745,1
2011658824402468249,False
1255251004554681367,False
1546580759802422095,1
1483208483784165625,0
1165109081425160025,0
1506020459294709519,0
79684667,0
101238783,False
98031633,0
101780119,1
100984489,0
1467932814606180721,True
21371005,1
77760905,True
24042439,1
1936074172520252821,True
2050454951981612791,True
1530954258647365775,False
106654647,1
2090373282565610389,True
1665554651216003759,0
73671563,0
61078179,0
82617761,1
38316911,0
1491803885660844715,0
2031003821464953447,1
90535753,False
104374425,0
2050450653425029083,0
37883793,True
79795445,True
1419989734654517893,1
1511741797494345079,1
43247669,False
1357996299252171009,0
1965599291430534373,1
1496992017568814883,False
7035845,False
1421659989143336445,1
1892461424856797213,False
41668033,1
1178434380748852363,True
1272500128128925639,True
1823417415346959047,0
86830239,1
450505,0
1743543221589618837,1
1658090696999231789,True
1329391673743594571,1
2049925514348154689,0
71022497,1
1528002884501837509,True
73182925,1
2081591124488843451,1
47564159,1
1371156293049087491,True
1358078653973494513,True
1722125883736940761,1
1429101115940094021,True
82162541,1
1889617085698343211,0
1884555499463897023,True
1932238872386067889,0
1942024801716746187,0
63669313,True
41971077,False
1763912052723071651,0
1832117337673708291,1
7906521,0
1550365063044483091,1
84829227,1
1213559570966853823,False
1429234845027651779,1
1424893923120656983,1
28231289,0
1926267096043304235,1
76262577,False
1977236114048842859,True
42351209,False
70512591,True
1968044062003980951,0
2017641326506297505,True
1737260571894610037,0
92820393,True
1014911,1
1189547445248869799,True
1491817075621356849,False
1339701803308620761,0
83284869,True
79744249,1
43844319,True
1823369781629032825,True
1656719653005124271,0
101832137,1
1149399240931905341,0
107703963,True
1905668358814220513,0
1500233073906420643,0
1912732982877977019,0
1998604820813439769,1
1411415494881018767,False
1981034598954590019,1
49378149,False
97966045,1
1581414827681394911,0
1865105900750184083,1
7392233,False
1430681442117957779,False
1777257453594194805,False
34340327,False
105257275,True
81872643,False
101449061,0
100394289,False
1988447373437341533,0
68390727,1
1701722323589812785,1
2079772809165604465,True
1510075643757448201,True
1493964592403833115,True
106895649,1
1460590278462308969,1
16197815,1
1172907035593716915,True
1491401709842623769,True
1662629643063603157,1
1544995688231242879,0
107178055,0
94006537,True
100694777,True
1098217223950481363,True
84231025,1
1785847534846076661,1
2026508708567958727,1
99776105,1
96934325,False
2052101923076037351,False
103076855,1
1565449223630100087,0
95486153,1
34920811,0
91157795,0
25175943,0
87065591,True
63971807,0
1443188313107849387,True
1119272426660392013,False
101794801,0
98317671,True
76320699,1
1373311227163842475,1
78962869,False
2012729464914001655,1
1637625618974453965,1
2065508031054274343,True
72190273,0
39894629,0
1161100095668657357,0
1268472496033438697,1
53685975,0
1545797343626728059,1
1330285514375069531,0
1609397605287589359,0
1610370739276987297,1
1899788249665772539,0
1810107399522147065,True
1743814344363685355,0
1771687847935298329,True
1511499989901390411,True
1297076782003526911,False
77629259,1
1242179513552462571,True
20142669,1
69805447,True
1529338895414613347,False
1403972218111012541,True
53566579,0
1931934430396011255,True
1804206099436790025,0
1946344010540914335,1
1562055583476387655,0
1304629282474053847,True
108007071,0
74182737,True
39724693,0
1274395306693987459,0
53001467,1
2048066682297132439,0
102428073,1
35781473,0
1128392292832509953,0
105131323,True
1684400434099033815,1
1449350967338097297,0
68162405,1
108582007,True
28332361,False
1777682670391320215,0
1642438154807222515,0
81642901,1
96206857,True
76323285,True
2065078742983612829,1
1153624953280455127,0
1394851240026968509,True
1136167816757181035,0
104816429,0
108050751,1
1883182968918653691,1
85873405,0
1814612546208251537,False
1385370372815587939,1
1416272641582433093,0
1701841863635329301,1
1292911049172857557,False
1656504891542769391,0
1581360256976897225,1
1787015446017084257,0
80625315,False
83953497,1
50729391,True
99467139,0
102444869,1
1691597726923135035,True
1997074467986495947,1
1998310946173997547,0
99466555,False
1243207110030146055,1
59412677,0
2009805806543003007,1
1831717836955341715,True
1875258552822584163,True
66843863,False
1924722811875387241,True
74600313,True
90000633,0
2027851468771835523,1
103238291,0
1248959549985964121,True
1168212939934839197,True
81899625,0
1973046686365015329,0
1865632946660167917,1
1552645492288142485,False
90482945,1
50904321,0
1705842208950424371,0
13057163,0
47098733,1
1336634556859839305,0
85133385,1
83104681,0
2010662279794737747,0
93517413,False
1389447058656578687,0
1613269732641270407,0
66941995,True
1810091038981453061,0
42564017,True
1994394502119954075,True
2027847678371653963,True
2064117312350219299,0
103594589,False
12749657,False
1591361657289206939,True
1216505082949102981,0
76755633,0
1717548220376992579,0
1436577561684636185,1
13346019,1
91912797,1
96495623,1
85924767,True
1124790906398353043,0
1867941977509275579,True
1937935717325274853,1
107081999,False
69202405,0
1869262164686027989,True
1603024170213555085,0
99825093,1
106122849,True
1642280580785722519,0
107429785,True
1329128138321248875,False
34930223,True
1918004774931556225,0
88749895,0
81957697,True
1895162538052620715,0
107062219,0
99743979,1
69501367,0
1325890520459553941,False
47537153,False
2008998651294642653,0
1209274369024827989,1
96608471,True
4610337,0
18975661,False
1449263973922623699,True
1878518596657581039,0
99008271,True
13433287,1
1108307989573329053,0
1707198789332099307,1
1302639257936558669,0
108312707,1
62658449,True
2036325814749445409,1
1497504689842894383,False
92862567,1
1752621071114951005,0
77164229,0
1659794692662999095,0
86973031,0
1173663933102403053,1
38824413,1
1524381260129418549,False
1239117943892103787,False
1459255436277722633,False
66906235,0
37408951,0
1202770233825136843,True
1902803789830526025,0
1298953717822153169,True
1241601081261201131,True
1804021252937622037,True
1708964755218183121,1
1626364580396571253,1
99137449,False
1837909383106569209,0
17560863,0
1891325141638540809,1
1333345423028718377,False
1658102090491367077,False
1826992801062996695,False
108335597,0
1166795529750601571,True
1158215821837906399,0
2078888423866988489,1
101399951,0
99976433,True
1942386844297937059,1
1084011,1
25429305,True
83569321,0
1884620270042757323,0
1304078007756333395,0
1413993245717151161,0
53008491,False
1474825083038432953,True
1933224925509240403,False
2017663937183430273,1
96543577,0
1411563565494677789,1
40721641,0
1505895176320700661,1
1704843564013456861,1
1196826244094422881,False
1950354240187140717,False
1429823852036980469,1
1755314807175986455,False
13057611,False
1739187177830057647,False
1313335719443003291,True
10234857,0
1468070128703495679,0
1866710684809005723,0
1292494016118049367,0
1303131002140145523,1
43095825,False
87325483,0
81059989,0
106940271,0
101265277,0
1821795152660432889,True
1814675228476722875,0
1817649723042839005,True
30265183,True
1784235436415675591,1
106950285,True
83800811,0
102396225,1
13057541,0
1410796983338884045,1
99828099,1
1789549865766033443,False
1182950062098208745,False
81880919,0
1959357882277893449,True
1745167308450586199,0
101517567,1
85177323,0
1920317934377914553,0
1848407302848477351,False
1681774938828004893,1
1685633164986431285,False
1858440037539889935,False
108330633,1
59983481,0
1886961913303181679,1
77111913,0
1991418086366112679,0
56217441,0
2079773764086523481,True
2075029294544412205,0
2039429172219373905,0
54453267,1
2083226911535538965,1
188777,0
1326259612584767399,1
77686645,1
36662917,1
88290793,False
92232173,False
1403973809306275981,False
5358789,0
1953997229537027315,0
1513728258735086935,0
1732058484667448429,0
1427227632876481247,0
1764996498648292401,1
1169462897047487881,1
101612327,0
1341390803861589935,1
57554847,0
2051137523346409531,0
46291919,0
32287279,1
89331065,1
1494269252274081133,0
1130569671642260113,True
1146373442979650725,0
1110296200435657299,False
99294461,1
1306131005578680527,True
76181819,0
1934634865521218865,1
1784507969382684385,0
1712739320609630459,0
1439187650337005359,1
2044256114971408905,True
1252466245425897241,True
1727382438194859697,False
1945868108953921271,True
1179875396302483969,0
1255095734250429531,0
2047597556835190845,1
2037090792588862331,0
1582196590748434217,1
64490563,False
108050377,1
1775902779782212837,0
1442137099081673549,1
2064108337022422367,True
2061132968474431525,1
1773860949432253179,0
99142703,True
49503023,True
1282688177618889253,0
54456283,0
1639358709633970355,1
106793151,False
83821735,True
1901265883212759579,0
1251112033465689561,1
72473695,False
77405197,1
1179884449640341171,0
1237670806863933943,True
2030657724035234439,0
1864092402678796939,0
2052037639967841157,1
1443090754416578177,0
69949945,True
97762733,True
1923231492901848683,False
26833455,0
15151031,True
54332511,1
1834551337269775903,1
85905013,True
1290610209794048561,False
1436332449769936967,0
1469703196768865061,0
1826982901295858027,True
1595790980968119213,1
1975860100738577657,False
1764258478751997065,0
81405431,False
83642521,1
82036275,True
1729435313861490499,1
1932487638516842729,False
1775769156274758897,False
1250498474144822535,0
106112151,0
1826978989905823765,0
1351118024449157261,False
1982629953696827225,True
26414929,0
98811835,False
2037111642995421305,False
107124273,False
57895907,0
43420693,0
1884147113805784499,1
1484297243636835849,True
96484871,True
1756209787174240989,0
2050455151348022045,False
46934379,0
36145133,0
1939536425540841521,True
72161341,1
1144957887734534213,0
1411717116686482523,True
1475654634601466847,1
37852331,0
88615047,True
91031039,False
79861207,1
73825015,0
1775739135021491145,False
1170543062364066831,0
1947187375928757495,True
1878397072376249405,True
1116429502248319609,True
16302799,0
1339219370639428231,0
75140783,0
1937858209569001601,False
38484291,0
1933288016072949737,0
1095120611032217753,True
1704248770170920677,1
105041679,0
1766274805176300735,False
40997503,1
1469631525105442255,False
1726117,1
104700969,True
61582941,0
1398830332178281259,1
2065036533768404873,1
21097275,1
2039241321358443581,1
1786820335787410147,0
2078497815505118555,0
1515711263095725469,0
1331798045410846701,1
83820463,1
1100265550617940917,True
98438229,0
79935975,0
13514073,1
1907407849047783281,True
85925077,1
83686255,0
1857609164538860411,False
2081941379875300285,0
2050810110238116223,True
2050453533837296657,False
98145835,False
1384151986418655299,True
2050453018571880663,False
1511520648735317993,True
1734787454887098497,False
1933974669739814469,0
1897615045142254795,False
88407223,False
95724061,True
79578977,0
63302719,False
1276372424416939177,0
1469821142151585939,False
88866003,0
70754665,True
1317808078164881127,False
16545817,True
79207963,True
93767195,0
71462631,False
1181538047823096511,0
22512883,1
1634832729021313673,False
98750749,True
1804284241176283659,False
1814876806265846401,True
1467974646512745049,1
2041003149703645653,False
71334489,1
105860393,1
65642091,True
103778281,0
1992759774547623729,True
97052817,0
79538085,0
2009375777593960261,False
1997277338612864993,False
97701963,0
1313316892043944315,1
1238351880428183895,1
1621289160461520519,0
1676251311316044087,True
50370121,True
39102919,1
1680855737012497243,1
95061405,False
1511181872438924069,0
50477017,0
102462309,0
78501561,0
2049763488854120181,0
99825257,False
1767205729740485785,0
24191133,0
1736958657713633289,0
1192865499442041357,1
1402305217902754389,1
1833546309840011187,1
105784479,1
1175075164602787051,True
97914465,0
1331835098246136791,0
66753315,1
1812865088529470415,True
1850823897616955387,1
1497343015091397945,False
1434515534517956285,True
106725111,1
49391379,1
2058320459725070899,False
105801227,0
1936726655583580747,1
88426067,0
57424941,1
1258057089861868043,0
1966730660416986473,1
78180363,1
68274409,0
1471825330258819535,True
107346635,1
31098047,1
1907330653862471789,0
30999961,0
1531740826671771147,1
107501987,0
27596759,1
1672997900623919125,True
78056773,True
44116543,0
1498898110143078381,False
95676869,False
88945639,1
1951612750792437591,0
1989915328073152829,1
1859705,0
105156677,0
1872771752674988287,False
1911544414233264099,False
1964480576091728551,False
1558880242794186749,False
95830519,0
1918780010446455011,False
59415719,0
69571131,0
56520479,False
53277335,0
1280721265654335463,True
1256870036236634787,0
1802746432937984447,0
1329160676555925193,1
100882355,1
85408359,0
100616969,1
104616335,0
41359853,1
96223967,False
1395145,True
1342030109145514191,1
2023475874917429755,0
1105894073809974649,0
1307624601861897427,0
1867994243931585181,1
95483639,1
1554992583494492927,0
13988457,False
105542257,1
1367513015719675069,1
104843225,False
43003155,0
1771012369309838391,0
1815781604861699729,0
79887633,0
58205997,1
105223071,1
4792557,True
2081252046687147083,0
2052446265244559961,True
97255241,False
45586089,0
102664803,0
1624443693673989875,1
1481017377951278685,0
1835371257754006255,1
36689885,True
79718557,0
91737297,False
54672233,0
1337454329937767977,0
1672241563234465379,False
2033939467169361177,True
1888248526012909431,True
107534693,1
1491969817204516353,0
2064123997857947019,True
95074213,True
70692889,1
1412176071794936565,0
1300321406625893207,0
103820587,False
34877681,1
1826082189056112875,1
88327261,True
104931881,True
1670133295354514619,1
86844551,True
94057741,0
12726533,False
102863461,1
81851711,0
100520463,1
1244675251123271963,0
2008528078439362713,False
103631229,0
2036327946416918741,0
1554103785780759741,0
88252583,0
107860271,1
99542973,1
1560503646630029901,1
1451545675985902799,1
1768954177095963577,False
15619937,1
74215797,1
40455815,False
42181157,0
1945920283494228139,1
1786599379278607903,False
1160762903033216183,False
93633243,1
1804547624885021503,1
1743408269330609219,1
1971289975007363115,True
30928591,False
2049932785840615943,1
74917205,True
75503923,True
70568347,False
44798957,1
1929899281829298917,1
36015595,0
1472538040789213113,0
79743915,True
